id,first_name,last_name,email,password,phone,created_at
1,Emmy,Inwood,einwood0@nytimes.com,gQ2|LskTdgR,857-886-7167,1/30/2026
2,Eldon,Barles,ebarles1@prnewswire.com,vG2?$1J0Wt/J,475-721-5580,4/16/2026
3,Willdon,Cosins,wcosins2@kickstarter.com,dP7`bHk`R,114-666-6529,12/23/2025
4,Nicolle,Charpin,ncharpin3@posterous.com,lS9/NOKG.#,337-975-4827,12/18/2025
5,Bethany,Fasson,bfasson4@accuweather.com,oT5>*$c/=#,701-360-3809,9/30/2025
6,Ferguson,Knightsbridge,fknightsbridge5@salon.com,cB9.Gd\!xP6YY',103-563-5158,6/26/2025
7,Lolly,Sherville,lsherville6@youtu.be,"gJ5>QM6},Nwun?",430-431-1508,4/20/2026
8,Malva,Lortz,mlortz7@tinyurl.com,"vF4)""RlsPexs",922-156-0967,1/31/2026
9,Ivett,McDuffy,imcduffy8@amazon.co.uk,sT7)%pcK,777-255-6248,6/2/2026
10,Colline,Chantillon,cchantillon9@mapquest.com,"vA3{@Z`v<',W$BM",978-323-2011,12/19/2025
11,Lana,Gooke,lgookea@nydailynews.com,"aN8<flf""e)pK}w",974-256-5816,10/15/2025
12,Maxie,Skittreal,mskittrealb@upenn.edu,cD9`*cmWVCIT,656-870-7254,10/29/2025
13,Allen,Sheering,asheeringc@samsung.com,nQ0#WP>m,370-486-0915,1/13/2026
14,Audrie,Borgnet,aborgnetd@latimes.com,pK8(A~QYj*a~K,499-556-4029,12/2/2025
15,Brocky,Winterton,bwintertone@businessinsider.com,mG2/_YfR1nj9MdoK,430-649-7135,4/24/2026
16,Gates,Hearthfield,ghearthfieldf@answers.com,mH3>L_L6we{Gl>Hc,471-192-3448,12/10/2025
17,Tibold,Gutridge,tgutridgeg@wikia.com,qL9/OCH'WgoD(E,723-956-8981,1/20/2026
18,Tomaso,Soots,tsootsh@dyndns.org,sW8}Jv\5+bT,776-594-7699,7/4/2025
19,Thacher,Sheering,tsheeringi@wikia.com,pP0'e2Yrz>&v,190-370-5420,3/27/2026
20,Harold,Keyte,hkeytej@foxnews.com,oF7\'0BaiX#d7\=,535-879-1559,8/30/2025
21,Lynn,Haycox,lhaycoxk@engadget.com,nP2&T(>0OXcv3,182-810-0730,12/8/2025
22,Leighton,Revelle,lrevellel@mapy.cz,"oM8{}VX""3<p",191-251-7293,4/30/2026
23,Timothea,Maffy,tmaffym@tumblr.com,"cO6)&$JY,/",781-500-6669,1/19/2026
24,Umeko,Lumsdon,ulumsdonn@dagondesign.com,xZ3'y@X_MW,302-547-2333,1/10/2026
25,Roberto,Connolly,rconnollyo@earthlink.net,"oA5'%R,g/",337-657-4468,11/17/2025
26,Odo,Kellogg,okelloggp@elpais.com,"aH4,47t<4",946-655-0911,1/30/2026
27,Bondon,Machon,bmachonq@tiny.cc,cB9{?mr8+Bgi,795-401-6995,9/2/2025
28,Berty,Lindenblatt,blindenblattr@cnbc.com,"cL0#,|n%",761-949-6324,3/9/2026
29,Jenna,Skitterel,jskitterels@wordpress.com,mF7+@(lhK~E{,363-235-9050,10/17/2025
30,Merralee,Kingh,mkinght@ow.ly,fY1$>7`b,482-919-1664,5/23/2026
31,Yolanda,Tummond,ytummondu@google.ca,"aL7,0/).$JBtS",260-461-4251,2/28/2026
32,Cad,Greiser,cgreiserv@imgur.com,"tC0?r,<~dmhU#7A~",188-965-7120,10/17/2025
33,Codee,Forster,cforsterw@noaa.gov,"iE0,pYpqBw!Mcz\6",526-970-9027,12/26/2025
34,Allissa,Prettjohn,aprettjohnx@spiegel.de,jY5&+(&t!mPZ$3k3,230-958-2586,3/24/2026
35,Sella,Adamowitz,sadamowitzy@tmall.com,"wF9@KSC9""m9|",133-139-1673,1/20/2026
36,Arley,Greatham,agreathamz@eventbrite.com,pA9_Q~YE,996-211-4164,2/5/2026
37,Willie,De Ruggiero,wderuggiero10@cloudflare.com,iV8|Pp`/opC,763-679-0123,2/9/2026
38,Jamey,Danat,jdanat11@berkeley.edu,jN9*lNgDpmm7L,457-517-4216,7/3/2025
39,Dexter,Oxbe,doxbe12@furl.net,oA1~zA8W&Anf,462-393-6804,12/1/2025
40,Elizabeth,Aronovich,earonovich13@cbc.ca,qD7)1O`X~~!Bew>F,752-872-6009,12/3/2025
41,Carlotta,Obern,cobern14@oaic.gov.au,"zP1""w0pVNneH5",565-590-7434,9/7/2025
42,Burnaby,Martinuzzi,bmartinuzzi15@wisc.edu,uR4%ezKH#k2,903-591-6015,10/1/2025
43,Raf,Caccavari,rcaccavari16@purevolume.com,vW6*oq/*N,944-728-2702,1/25/2026
44,Dov,Basnall,dbasnall17@globo.com,dI3<Y3h~v,653-983-4694,8/30/2025
45,Gisella,Musselwhite,gmusselwhite18@example.com,cB4&$ndY/i?5yL5,846-560-7784,1/1/2026
46,Tyne,Srawley,tsrawley19@addtoany.com,tP3|Zh}$\Wy5,883-742-2739,9/25/2025
47,Idalina,Teideman,iteideman1a@51.la,lD0}xc?P!$JtF,742-563-9675,6/11/2026
48,Carlye,Popworth,cpopworth1b@foxnews.com,uF8)<j%ep?Ye7zj,189-282-2033,1/19/2026
49,Tani,Sherwill,tsherwill1c@reddit.com,pO5%kFK8n&8,232-439-4019,7/1/2025
50,Sandro,Bitcheno,sbitcheno1d@unesco.org,rT0/>_d8U/%%i=x,408-940-0914,6/26/2025
